image_url,image_filename
https://encrypted-tbn0.gstatic.com/images?q=tbn:ANd9GcRursl30Z7AQYBxK0JVAM_n5MoPeDSmnSpxFdyJ1YczopSX93VfEQ,9/tmp0k4hvtoo.jpg
https://encrypted-tbn0.gstatic.com/images?q=tbn:ANd9GcQSMVxTymeIGefj5VV9ew2Ni_-VKkrOddl3X0VauPA6j3Kix4sShQ,9/tmpcqu8i65m.jpg
https://encrypted-tbn0.gstatic.com/images?q=tbn:ANd9GcTp8FX43UedmcdXRff-Ng_Pbp99Gbd9k91HwuOX3b0waOynYyobnw,9/tmpcgncpax2.jpg
https://encrypted-tbn0.gstatic.com/images?q=tbn:ANd9GcSr1XcoaL21ltJCK4UxK8veC6-U9xKoz23IWbv5CLc8OhlAp5_X,9/tmp7l__c5gm.jpg
https://encrypted-tbn0.gstatic.com/images?q=tbn:ANd9GcRHSS8AA0WKFQ5Lc9cH5_Le4APcQwIin1ZFJtBbxzn_ivxRwony,9/tmpn_svpnnc.jpg
https://encrypted-tbn0.gstatic.com/images?q=tbn:ANd9GcRjHbCnaDG2AgfniM7YZS6FVXER-EyKXFQUZfpoiXBQ73UqSBoHiQ,9/tmpgvwocff6.jpg
https://encrypted-tbn0.gstatic.com/images?q=tbn:ANd9GcSKZRpTzvU9_9_Tc-WK0qOh81dNHsiKK9BS-fOTre1Iwaqn_VPW,9/tmpah3ernye.jpg
https://encrypted-tbn0.gstatic.com/images?q=tbn:ANd9GcSvrDBioYHM0a1UaAVl4X_3zoat6O-SbQp6gGR8_6CWlHX3ctQahQ,9/tmp1jzuh8yq.jpg
https://encrypted-tbn0.gstatic.com/images?q=tbn:ANd9GcRr9RlSoCxNffHHBmB7X8BK5M7MJkETGQJ3zEVQWIlczKCg34O--g,9/tmpao2fzl_i.jpg
https://encrypted-tbn0.gstatic.com/images?q=tbn:ANd9GcRBEpYT7Xad21XEnUMAiKnHwx5-LbQQHGBWPofCGKLr0zezExuP1g,9/tmpy_kyfi1i.jpg
https://encrypted-tbn0.gstatic.com/images?q=tbn:ANd9GcQ-VJ_q6S2RvcuiZrYNCBd-LMmsLI6y8Y7pCQXWtJKdvcwMQ-ph,9/tmpj4vih3tl.jpg
https://encrypted-tbn0.gstatic.com/images?q=tbn:ANd9GcTlv6JW8P3XiX-UF6yLaGDcxE4pizVBtNMbe2fmRkg2Sz12mtnM,9/tmp_w8c0qkg.jpg
https://encrypted-tbn0.gstatic.com/images?q=tbn:ANd9GcSlRE8qWo53gDXhgbVsNsDCmNOsu9aMqgVV-BFRTnPooPx96bdgVQ,9/tmpnn3qiuhb.jpg
https://encrypted-tbn0.gstatic.com/images?q=tbn:ANd9GcSfa-Bc1R51SaaJQ_pk6EhkapqpxWkr1ohiHcJ7Dn5iC7i47yW8,9/tmp8d836pk9.jpg
https://encrypted-tbn0.gstatic.com/images?q=tbn:ANd9GcSdf-2Gq8tj2ttlfRmEu30-INWLlQAYDuJaKk2qOUr7axAevKHi,9/tmpksu0vk8v.jpg
https://encrypted-tbn0.gstatic.com/images?q=tbn:ANd9GcSiDJESmJBM0BjQrjkW3x1EM_5mR0jSYMXvK2AHvkwEcnTUTvcNCA,9/tmppo25aafv.jpg
https://encrypted-tbn0.gstatic.com/images?q=tbn:ANd9GcRV7qs87ja-66As5hK1ISyY5hE6PfTS7rvH-XOt616dPF8nflvmaQ,9/tmpcas5xcj7.jpg
https://encrypted-tbn0.gstatic.com/images?q=tbn:ANd9GcT-a8OVOMYtM7AeX5qZHLuanekf7n-CglFHUU-CNgIiyxJAGnNT,9/tmp1z7lw4f2.jpg
https://encrypted-tbn0.gstatic.com/images?q=tbn:ANd9GcTCwygTR9cfXfckqnWUvD8_kdnNqm1x5PRmEZ5J0DAlt6O_6Vs1zw,9/tmpoafkyu0h.jpg
https://encrypted-tbn0.gstatic.com/images?q=tbn:ANd9GcSF27ELzRdmOfe8zYaPPzhTrJFGh8zBBQKo5pL3k9j2rQ-GqG8s,9/tmpbflairab.jpg
https://encrypted-tbn0.gstatic.com/images?q=tbn:ANd9GcTAI_WNbCmapNjvZAtSYqcTGHzPMw9kG6PBGzpTtt9KAtJnhhmi,9/tmp0nne9gyz.jpg
https://encrypted-tbn0.gstatic.com/images?q=tbn:ANd9GcRYgQVQQFhiAALa5-dTmg2MriCXaxX4HNQ6rAZ0VbabZnLoEB4sWg,9/tmpq1kgbmp3.jpg
https://encrypted-tbn0.gstatic.com/images?q=tbn:ANd9GcRWfjGCwu3do81RydMCL6LZ3jF6WGHTodl3UsP6qd3FCquZSU2erQ,9/tmpm553sd_j.jpg
https://encrypted-tbn0.gstatic.com/images?q=tbn:ANd9GcRzt3zY8luMaoTrzRbsQAKL4-pIvfsNWmLM_fBNZnSzFYOOBMsFCw,9/tmpw8rqupf5.jpg
https://encrypted-tbn0.gstatic.com/images?q=tbn:ANd9GcTgSzSMaTl8hPHMAo47yAKDCoREWT1IbubhKgIp32_Xu1OS8vBu,9/tmpsjjd8zlu.jpg
https://encrypted-tbn0.gstatic.com/images?q=tbn:ANd9GcTTAgDxnHgdaAijn8VWnZ5rRoxl9IqNHW13Q3hY4hvNCCLj1hu6,9/tmp3vmmcc6x.jpg
https://encrypted-tbn0.gstatic.com/images?q=tbn:ANd9GcT6QGqflo7kJ-QKoK3DA_PAXOnS4g4LTSUC_btkq4GxSf1xgkaQ,9/tmpls__b4ca.jpg
https://encrypted-tbn0.gstatic.com/images?q=tbn:ANd9GcRp80DcY1tV6cOD_gtSlA9thBs79Hi4jXevFyauj8vf-aCnP9Zp0w,9/tmp1r0gadwu.jpg
https://encrypted-tbn0.gstatic.com/images?q=tbn:ANd9GcRBLO7RKnmmSChPZp8SL97d_--jRKWWZFudFqmyTqJQUC1xN6-dRw,9/tmpji05p07w.jpg
https://encrypted-tbn0.gstatic.com/images?q=tbn:ANd9GcTUq33nKd58umYEvAAu3aLTfKBNwxt8Vf0Oyj31zvXnOny3Vq3A,9/tmp_026vcvr.jpg
https://encrypted-tbn0.gstatic.com/images?q=tbn:ANd9GcQrn9IYEzSTii28g1UiKS49FxoirhJGPSEZqOCff7OFTEPqFCA0,9/tmphxpimd5r.jpg
https://encrypted-tbn0.gstatic.com/images?q=tbn:ANd9GcQn32yCf7QR2jBV0H6gsmFfwHz-XBphF-k8jr1DWC6fPVazuag7,9/tmpbyvbeg_b.jpg
https://encrypted-tbn0.gstatic.com/images?q=tbn:ANd9GcQUPhN8AYXwn3jUmxj-CFO4uZz3T5rCsy1sPCwlEVw-4PjJgNoY1A,9/tmpo33v3hzl.jpg
https://encrypted-tbn0.gstatic.com/images?q=tbn:ANd9GcRGa9MetHzTj3YA8cPddxxPbP5Z7GEEQr71zQEi7yqqg2tO-H51,9/tmp91zytca7.jpg
https://encrypted-tbn0.gstatic.com/images?q=tbn:ANd9GcQpD0QMSX9PoOT94Nbyv32TsVYgZgLEZHAnMlXkX7mNuPAKad0I9Q,9/tmp9rzug763.jpg
https://encrypted-tbn0.gstatic.com/images?q=tbn:ANd9GcRsgCIgo7sOGIIPxww9VJKmM3vt6O05rX6Ide_BswyBuq0KPY2upg,9/tmpfmsvxd32.jpg
https://encrypted-tbn0.gstatic.com/images?q=tbn:ANd9GcT_obGL5J66K6mr4oY-kU06m0wHdBzVrMcsL7Nxc1YVhY_oN54d,9/tmpn8cpkr1h.jpg
https://encrypted-tbn0.gstatic.com/images?q=tbn:ANd9GcSNi4fl6BugKS9jxKBPvANpzBabPtTh_nyEKcqeAw5pQBvNTjisSQ,9/tmpqpxggn2p.jpg
