image_url,image_filename
https://encrypted-tbn0.gstatic.com/images?q=tbn:ANd9GcQteBtwdiS-QtId-Sgn8XH_kYentGwxe13R_aie52WqrUDUXFAD,8/tmpyushlocq.jpg
https://encrypted-tbn0.gstatic.com/images?q=tbn:ANd9GcSguFPvKQLhQNAOrXGa5fB0ev8Twn9xJja1VqaoK4R4Q1k1suCn,8/tmp0b29w2u7.jpg
https://encrypted-tbn0.gstatic.com/images?q=tbn:ANd9GcSWXdvtyIfNrIePAZxMRuBmOqwVm3kkV6LgBKqi4h32zFZ0ZUjh,8/tmp38wa__3n.jpg
https://encrypted-tbn0.gstatic.com/images?q=tbn:ANd9GcTCyYX4wTif8T_5D1NHmwa3Pw0rDN69ZzBtsvsKBaYcliq4_0p5,8/tmp2l3_40ry.jpg
https://encrypted-tbn0.gstatic.com/images?q=tbn:ANd9GcQd8zewHAkPfUHO2WK_9kZi9AbuNG51sKfwkMIxn4hFcPHB8Pri,8/tmpsqygluie.jpg
https://encrypted-tbn0.gstatic.com/images?q=tbn:ANd9GcQAR4E-k4JsQ9YGUdu4OLI7Wrg5xFAFMza5fo-5b9mJ8qkCIyZB,8/tmpq8u3qu3c.jpg
https://encrypted-tbn0.gstatic.com/images?q=tbn:ANd9GcQgSevcKM97fJ1Cigi0T0eN9c5EHQC5_RzZgBwFvRPw_uMuAGV3lQ,8/tmpkyd1xcud.jpg
https://encrypted-tbn0.gstatic.com/images?q=tbn:ANd9GcSY_oCP1vNiPricsPSBvDvIzoZMxq9Rq7wqqeg_CVD9OEwNTzuI,8/tmp2slxg9jq.jpg
https://encrypted-tbn0.gstatic.com/images?q=tbn:ANd9GcRwx5BKSucmUpU81BtDBVYvck4KxCdHGCx7wBCluPInwle4Bjkr,8/tmpemt35bs0.jpg
https://encrypted-tbn0.gstatic.com/images?q=tbn:ANd9GcQbXw-h4E4G_pFOkMw2oLIbdFtvCBaPwxsLp-V0JABdHtPj9i_e,8/tmpndi5enmc.jpg
https://encrypted-tbn0.gstatic.com/images?q=tbn:ANd9GcSB-mvNOl198lKXhyPl23Jxoau8WEf1MphCS_gdUa3QLFT4Grj3hA,8/tmplpil4rej.jpg
https://encrypted-tbn0.gstatic.com/images?q=tbn:ANd9GcRRTbh8N3aeOSjcgCFGT6Ej2ZWHzjp3ndZsQL5ZCblwgZ0YkxRzAg,8/tmptb8wh22n.jpg
https://encrypted-tbn0.gstatic.com/images?q=tbn:ANd9GcSsNaxeX0ufc9vkVvGp9mx5DxDdO6QieQkj9cgI12zl7lvntMfG,8/tmpk6y5ple0.jpg
https://encrypted-tbn0.gstatic.com/images?q=tbn:ANd9GcRUITxBHcb3EQyAbTlKQC0SDHZJ3VtGFi9xnJo7tewB0Jk7Sl7ahg,8/tmpcdth1tjb.jpg
https://encrypted-tbn0.gstatic.com/images?q=tbn:ANd9GcTTiemQFvhxnbZAJabh1hpbxlk2OdaUnQBCrCZr8YTTol1r2Rhj,8/tmpr_9ta6gj.jpg
https://encrypted-tbn0.gstatic.com/images?q=tbn:ANd9GcSgGFXgOrBfIpct73mOfoaB-clxOz0fiTwuOPliCPgfe4XYQs7i2Q,8/tmpqmr2_qft.jpg
https://encrypted-tbn0.gstatic.com/images?q=tbn:ANd9GcT05AeELo44UvsaEerY2qyTIfTeYg_j1u9gT4Jeuz343vj6F02N,8/tmpi_8sews1.jpg
https://encrypted-tbn0.gstatic.com/images?q=tbn:ANd9GcS6fxzQK1-NyFtkiwVWuSRclp0BLVEHvHoTyLPP2qcYOW6ctlZJ,8/tmpza5mgdn8.jpg
https://encrypted-tbn0.gstatic.com/images?q=tbn:ANd9GcTA0LPXPq0URHBLomn9YONg0GQ62zFT0lGNFEB594j7jaW65yc7Xw,8/tmpad09i9ss.jpg
https://encrypted-tbn0.gstatic.com/images?q=tbn:ANd9GcR_AHcdGEr4MY0v-4paXGsaVeorspIZY1KZJNT_QCGpw11jIzlh7A,8/tmpjfstpmpw.jpg
https://encrypted-tbn0.gstatic.com/images?q=tbn:ANd9GcQqBfNie4f4Nb2tN_c39hXjHpsaxx3CSaaSXrlinAsqELVSGRc3IA,8/tmptlzojmnx.jpg
https://encrypted-tbn0.gstatic.com/images?q=tbn:ANd9GcRwF5vHxCEMsRIzERwwx76ApQroPlfgyynR3N9AD7L1b-GLcmCX,8/tmph9ysn79u.jpg
https://encrypted-tbn0.gstatic.com/images?q=tbn:ANd9GcSLFh5Vxz1fbZQYXtobqJ56XhIHW_YN3XPw3K6RFJ4pwxJASEfA,8/tmp5idiylx_.jpg
https://encrypted-tbn0.gstatic.com/images?q=tbn:ANd9GcQ9XCYZJW3g1lVUsyVXozvlt_mLkU9xQP3X9M564lZI3QbXWHkj,8/tmpu7q9yn5m.jpg
https://encrypted-tbn0.gstatic.com/images?q=tbn:ANd9GcTIPIdWSkQMk0wmy-hQ9-l661lDgfn7IZEHSj7cs_Ra3QdKnoqo,8/tmpt0k2gc2i.jpg
https://encrypted-tbn0.gstatic.com/images?q=tbn:ANd9GcQlUV9P7osAWW22ul0_dfDxHuIrb0uLpIJlmxca8COH_dX6zSdrZA,8/tmp7fbipgxp.jpg
https://encrypted-tbn0.gstatic.com/images?q=tbn:ANd9GcSKt3mYh3DC9GUL3pIMzaqI6GfpQYhA_8VVQaAPIWWMKmPDPsIT,8/tmps2w8rx65.jpg
https://encrypted-tbn0.gstatic.com/images?q=tbn:ANd9GcRfj-nJKeANCDE-cpd4lP6fmrbZp5lBe6ULi0_O9tlVc2cH6049uQ,8/tmpvl5ua2w3.jpg
https://encrypted-tbn0.gstatic.com/images?q=tbn:ANd9GcRQP0msftyVz9P8_9UwIWdh1yrfxpN7yn9yDBNuVGPUwIPtlhu1bg,8/tmpm8tzk9wm.jpg
https://encrypted-tbn0.gstatic.com/images?q=tbn:ANd9GcTxeApOiuPuHjjJKchfLNNZoBTDCep6duR8eNxrs9JmuiAZ7GoN,8/tmpg0svc2ed.jpg
https://encrypted-tbn0.gstatic.com/images?q=tbn:ANd9GcQeOxMasXnlIqCqfHGsscAQsPuVIums4kbE87KUF29aGUmU_25Ljg,8/tmpuxgwigy8.jpg
https://encrypted-tbn0.gstatic.com/images?q=tbn:ANd9GcSksoS79ODhvsxHcYBTjeQV0H6CRH5jCH7RybFiaEjuxdVewID6,8/tmpi3plh_0v.jpg
https://encrypted-tbn0.gstatic.com/images?q=tbn:ANd9GcSg9ZFgxPa4cSmFzhDh0OTcQw9YO0js6omqUa-TS31bs5t0Qdw-Xw,8/tmpru6zv0fd.jpg
https://encrypted-tbn0.gstatic.com/images?q=tbn:ANd9GcRObUlUBMo_T_YeuBHYR2x7ARSEGDBEGGIz20SkctSGkU1rz61kzg,8/tmp9cswccim.jpg
https://encrypted-tbn0.gstatic.com/images?q=tbn:ANd9GcQOhyIMoQilBDE_xc3rXGl1Tuz5VJbJokO4FEG_XYcotcW4R_bR,8/tmpclj8s5j7.jpg
https://encrypted-tbn0.gstatic.com/images?q=tbn:ANd9GcQYmPBuSjcKY83cCOu9tM2CHaUhl8WBIyXF89ysfVX0UUfHAJPr,8/tmp3lud3qnj.jpg
https://encrypted-tbn0.gstatic.com/images?q=tbn:ANd9GcQJxai3HvZZZRZIpNvQ7alx5Wy8ivv4DxnHPfknhvJvuPeR1JihIw,8/tmppemzn8sw.jpg
https://encrypted-tbn0.gstatic.com/images?q=tbn:ANd9GcS4wZhcSiwjW1WKitLadi77fhg1EcrtmUIRp96dv0bEszrssN0u9Q,8/tmpz8skn3he.jpg
