image_url,image_filename
https://encrypted-tbn0.gstatic.com/images?q=tbn:ANd9GcRepvchMdjCbu-4t6F0WfNEedGegY1E3H07XXATj4cxVAr1fjMG,3/tmp_ssmxmrl.jpg
https://encrypted-tbn0.gstatic.com/images?q=tbn:ANd9GcRoyIxq8CABaIR3I6Rwtaig7A0wqck1sNxc_WR2aARGqW8XpSeg,3/tmphq1hodlc.jpg
https://encrypted-tbn0.gstatic.com/images?q=tbn:ANd9GcSEzHfjHvysWpOVcvMokGdxm6go1iNQWCYfGdrSkfH4BRKSFTcR,3/tmp3731u2bn.jpg
https://encrypted-tbn0.gstatic.com/images?q=tbn:ANd9GcTSWRJh87o3i4IvJOOKphFKKYe9DXx-aPft5Yw9R-8R1gH-l_C4pw,3/tmpf6vjhfch.jpg
https://encrypted-tbn0.gstatic.com/images?q=tbn:ANd9GcTemadhG3F6QIEjQV3EnIwWIRkwS3-0BImIW2PNfpPIjqLfPhnJzw,3/tmpxu5btz_v.jpg
https://encrypted-tbn0.gstatic.com/images?q=tbn:ANd9GcTdkHcXwv9xG5gfEswaF5xv8xZCsyQaFGMBzVbGoxtf4_h-7lLHaw,3/tmp3sc5ktsr.jpg
https://encrypted-tbn0.gstatic.com/images?q=tbn:ANd9GcSJ8PHRaqGE_qteYyHpjfjlAQ6N1fgHy5848Sd9z5mvbT4QIvzKWw,3/tmpjhthuioq.jpg
https://encrypted-tbn0.gstatic.com/images?q=tbn:ANd9GcTJATJnBi10xA-pnKmy2zml46rOMXA0e1mQbBUPM7WDb8HKTL7hPw,3/tmp0jg9lhps.jpg
https://encrypted-tbn0.gstatic.com/images?q=tbn:ANd9GcRkVyjoL9eZn1W5iIxFOdqqTivcfARX0Mo9MDs8p0LLdh-JtCo8,3/tmpldqt3e2o.jpg
https://encrypted-tbn0.gstatic.com/images?q=tbn:ANd9GcRQUKknCUX8n4qWqkoVI-v-ZyPwrQXOlo_Xqcfds9KhRiEGboX7Tg,3/tmp5ylabc0s.jpg
https://encrypted-tbn0.gstatic.com/images?q=tbn:ANd9GcSIwU0NwojX_VgZ8uPTBkDBCAmjWq816ZqpIRviVqeLlKVhR0yg,3/tmpa46n5nzw.jpg
https://encrypted-tbn0.gstatic.com/images?q=tbn:ANd9GcSO5hUZDldIJuwWd2HDe3Top66eyyBaJKrGAqw0BUeuqqQz8F2mGA,3/tmpedhon9m0.jpg
https://encrypted-tbn0.gstatic.com/images?q=tbn:ANd9GcTgXkPQv3W8vNkQSK9-oI9wxeifn-2PBIJavN4TjLhx0YZr2JS8,3/tmp2932dw02.jpg
https://encrypted-tbn0.gstatic.com/images?q=tbn:ANd9GcSXj73qnoFIIcujpkAf5KoOxv3PVu_yMETRa_xRaLrZX4q-1Cvfwg,3/tmp0qu4_rwj.jpg
https://encrypted-tbn0.gstatic.com/images?q=tbn:ANd9GcTBEyYz2PHmclprxRh3MJtT3lC_VLSSVqpB95ukTRF0KMjnT0INRQ,3/tmprvwdna82.jpg
https://encrypted-tbn0.gstatic.com/images?q=tbn:ANd9GcSz-7sNkqe9AQh1BB6S_wgn1EWzsymotIBBmAeTrqmg0U69TWPY,3/tmp1tq6k4xa.jpg
https://encrypted-tbn0.gstatic.com/images?q=tbn:ANd9GcQ-pq9ksxTYzabA5quScDMnYpCisuolqYNR-0ROENssnxfO7zfSSg,3/tmpujgiym7b.jpg
https://encrypted-tbn0.gstatic.com/images?q=tbn:ANd9GcRx6_ajLwjHINlhfx0jN-WxkJHu0jwukrWJ4ncx7heKuOsDJen2,3/tmpt1uvrv1b.jpg
https://encrypted-tbn0.gstatic.com/images?q=tbn:ANd9GcT8Qw36XOvJkrKnvTiqnaKf72qfkuLZGZuUI_QZhoI2PNlEDpBM0A,3/tmpzzpszp7e.jpg
https://encrypted-tbn0.gstatic.com/images?q=tbn:ANd9GcQhY8rHmesaPZ4lZi4eMv7GIafrZ4VOHDZlcLoJSC2DjDDEMWUZ,3/tmpy1xa6kjo.jpg
https://encrypted-tbn0.gstatic.com/images?q=tbn:ANd9GcQqYOe4pFZnEeUrdy3-1i0JLFfbnXU2Ti-EbjeZbKC2RryHhFWP,3/tmprvl6i5il.jpg
https://encrypted-tbn0.gstatic.com/images?q=tbn:ANd9GcR8dypmAQ5QUCPIAh_MOzXLcKhSxPlTUTkpAlNoTtmd82Wk1BKBZg,3/tmp3d_zet2_.jpg
https://encrypted-tbn0.gstatic.com/images?q=tbn:ANd9GcQaRCGf9WgZ3Lq0kmk2hXkspEiEneuY0Dfx8kizt2QsUn4QZlCctw,3/tmp6yf5y4s4.jpg
https://encrypted-tbn0.gstatic.com/images?q=tbn:ANd9GcTANDujpsk8dDk1kvBHkXFcer6ICbrcqE3Xh9NfTqTkgz4TLEx6Qw,3/tmpz6xysom2.jpg
https://encrypted-tbn0.gstatic.com/images?q=tbn:ANd9GcQLVjOG8XVjqAOtJYhVsw_l2dm_uuutgxjzEZb6QcWrokFavffG,3/tmpsm4k0002.jpg
https://encrypted-tbn0.gstatic.com/images?q=tbn:ANd9GcQcnfJCMjTt4Qo7MBBYNlSkYKjrcBjD6KsfN3D35U9w_H8ElII92Q,3/tmppen89m0g.jpg
https://encrypted-tbn0.gstatic.com/images?q=tbn:ANd9GcR4i1NU8R5WELvXsMMcLbiwJzeTyu2UR5AqmlD6SDj4BzjEojqnFA,3/tmpr72pd2dk.jpg
https://encrypted-tbn0.gstatic.com/images?q=tbn:ANd9GcRxOqL3rK0bEYh3LBRt1jnDU9sNBm4nDVuqH4aSGZKIGOj29Guxdw,3/tmpp560nm0g.jpg
https://encrypted-tbn0.gstatic.com/images?q=tbn:ANd9GcRDnbVBBajk7mkzK80Kl2wNiqIXj3dTK89FwHfxHYECAB94N9kT,3/tmpo9giu6lz.jpg
https://encrypted-tbn0.gstatic.com/images?q=tbn:ANd9GcSSykGH-Av0FG8WZXbFWvHbd678ADjOa-cjM1huiBXR64v6p289,3/tmp8kf_xmf0.jpg
https://encrypted-tbn0.gstatic.com/images?q=tbn:ANd9GcS0FYrOdWy3xSL2VWYpLDpJrtzJ-PkvRT69AfSwmjnOEDMk7B9m,3/tmpjptej9zp.jpg
https://encrypted-tbn0.gstatic.com/images?q=tbn:ANd9GcQdqoqBwLcdqQyaiYYrUhVV6L88nd0NlBL7FgMABgOBRFdHWcOE,3/tmpfopqulr1.jpg
https://encrypted-tbn0.gstatic.com/images?q=tbn:ANd9GcTl4WFFXCOjG9Ho54rDPoq3GxtKTqBLi2a-cWjEQuZewW31ooRL4A,3/tmpsay34qz9.jpg
https://encrypted-tbn0.gstatic.com/images?q=tbn:ANd9GcTulUUlynO4McKXA4U96UC1YEF1gUBlmUks9i0dDcLT6LDQz8MmLg,3/tmp3hfs0n7l.jpg
https://encrypted-tbn0.gstatic.com/images?q=tbn:ANd9GcQbaxFvsNV1dmOjUoPdLx3hcyycjx4rikOj51ZEm_6d_GgTNm68hQ,3/tmp7nd__18o.jpg
https://encrypted-tbn0.gstatic.com/images?q=tbn:ANd9GcTOT8dGKimVD1Dw9P-e9Frf81-EalolzN1nUAtMnozNXnRBzJRM,3/tmpd67ptg4a.jpg
https://encrypted-tbn0.gstatic.com/images?q=tbn:ANd9GcQDl0jAyffZ3LGYS8WpLFXKSxgP_hlAQStzfT-LL8Yp-K0Q2cDJ,3/tmpzc6nkha0.jpg
https://encrypted-tbn0.gstatic.com/images?q=tbn:ANd9GcQipkTLPx5gw3Z4Hr_dapMix87PzygeKDDjv9bbQ8sSG0Af3e7mRQ,3/tmp_50fc7sk.jpg
