image_url,image_filename
https://encrypted-tbn0.gstatic.com/images?q=tbn:ANd9GcRE9VnsxXFyR3r5Uo-u6P__O7moXb3wrFabXS9iL_SDupYUfIUa_A,7/tmppn1sf3hg.jpg
https://encrypted-tbn0.gstatic.com/images?q=tbn:ANd9GcS7TSiSsCvxpikarvrwANru-chUEJMEHJD6bP23FSPqn1r2eSRX,7/tmpxi_vkxlt.jpg
https://encrypted-tbn0.gstatic.com/images?q=tbn:ANd9GcQlFpF79qcqlkxSQIxFr4yxow_7N747dg7GclRI4zEvpAZZfTxS,7/tmpc4rv2ae3.jpg
https://encrypted-tbn0.gstatic.com/images?q=tbn:ANd9GcRvjRsFkY6HIJqEpaLXZNJ13GG-TaiwpDFoollP0EyCm4BxqTr2,7/tmpdrpu5wv_.jpg
https://encrypted-tbn0.gstatic.com/images?q=tbn:ANd9GcS4JmGUGuudI-RBg-V6aJ6_Xz5KS_kWlR5xDHgmlE-ShSwZj_YO,7/tmp0bwr0pt3.jpg
https://encrypted-tbn0.gstatic.com/images?q=tbn:ANd9GcQJJEHPgo968m2VpO4_mjpIc6xTuVhVhGwrrtYRixYqoz7g50iN,7/tmp_wuf1le5.jpg
https://encrypted-tbn0.gstatic.com/images?q=tbn:ANd9GcRkTqT5TDXS-jTeUC5ernac_6cu_pNW3nTVHErui-iLiJzjz6-aAw,7/tmpz4ntwkhu.jpg
https://encrypted-tbn0.gstatic.com/images?q=tbn:ANd9GcR1Sig-6isAD7tcxBrQxkTyisNli-RHjk8HlhGY_DgopfGign0iHQ,7/tmpfjd1vrv4.jpg
https://encrypted-tbn0.gstatic.com/images?q=tbn:ANd9GcTU3fet5HKPy7P5UhMzIPqcn3u63MTgIijNIRM1xSK7-mN9l5zl,7/tmp_adwac8n.jpg
https://encrypted-tbn0.gstatic.com/images?q=tbn:ANd9GcQv1J4vV8ESg__sRAh4BAWFJV9o6tbnk7slcpIJ3TG8ykq1luhdzg,7/tmpx5lth0zf.jpg
https://encrypted-tbn0.gstatic.com/images?q=tbn:ANd9GcS47uSSWnyLL-59RE2h_DKPLcrCj560QjqwdtEaRzHy_l4FZE4H9Q,7/tmptyuucm5i.jpg
https://encrypted-tbn0.gstatic.com/images?q=tbn:ANd9GcQuUh1rwNPiXCiarubvmNhOqN9_H8b_ETs2OLgaMD8Ae_Wsv1C9Jg,7/tmph8h0juej.jpg
https://encrypted-tbn0.gstatic.com/images?q=tbn:ANd9GcRac1-LoIeLOO2hmaaBzmX5kSyZCo6wEecG3sxQqqGnWpEVq3uJ8Q,7/tmpipl8vcr3.jpg
https://encrypted-tbn0.gstatic.com/images?q=tbn:ANd9GcTiyPu3JsUmj1ZcUJdy9MD5rEzQTtrTPRPuuNISYzTzGmrpN0NfZw,7/tmpw7qtoymm.jpg
https://encrypted-tbn0.gstatic.com/images?q=tbn:ANd9GcSRY5RyuQ-qCxnY4IwgcBlPz9Gh-paNPrB4jj-VecmnO9hIEkkTLQ,7/tmpf9jkukqs.jpg
https://encrypted-tbn0.gstatic.com/images?q=tbn:ANd9GcQylzoqjM33w_-PT2phnI33nF4QFtR-5_6SKLXItMyQqw-3VbQf,7/tmp280itf3b.jpg
https://encrypted-tbn0.gstatic.com/images?q=tbn:ANd9GcTU5YI0gXnA38Nqa3wwZPmmnHm7zlC3QYlm6sx7YWJ8PxXTSEro,7/tmpbkahean4.jpg
https://encrypted-tbn0.gstatic.com/images?q=tbn:ANd9GcRiV0Vzp-4U0t8_Hs_a94P5pi9z3N7ynjoFo5Gie4_vQgawJ7Bz,7/tmpks1esn0y.jpg
https://encrypted-tbn0.gstatic.com/images?q=tbn:ANd9GcQ5YXfPQzwDeGYxNQhnxxYbgapW4wPhwTi8oqLzU_gKF3UPM4zB9A,7/tmp6klltc01.jpg
https://encrypted-tbn0.gstatic.com/images?q=tbn:ANd9GcQUgGVNjtSe3-cA9uQIjBbUtz6U5adYj_72264X7m-0KilDh4sV,7/tmptelinaeo.jpg
https://encrypted-tbn0.gstatic.com/images?q=tbn:ANd9GcS0T5a1jjwJvj5zvOKAMX-Iwz6u4NrFB6HiTkqn4XZfUH9iaNFaRg,7/tmpth7411j_.jpg
https://encrypted-tbn0.gstatic.com/images?q=tbn:ANd9GcQzaxKKovMg3HXmZz2oagCezHlSl1Fmugqil1zpPqdC5EoKSJGM,7/tmphq2fgt38.jpg
https://encrypted-tbn0.gstatic.com/images?q=tbn:ANd9GcTsLttoSDvTP8nfkiGyG_emgHNjWTFhFHt7tRiYW5QYxLxP4uBeQw,7/tmpetve2min.jpg
https://encrypted-tbn0.gstatic.com/images?q=tbn:ANd9GcRryj91wBY7CQ9MQ8E-PEXxgxEsbCOWktnnP9KXHjJNSzjBUl6tRA,7/tmp8qmkkjmf.jpg
https://encrypted-tbn0.gstatic.com/images?q=tbn:ANd9GcTsgM8OK0oAb3NlKx9WpF41-FtcuF19vKlQGTUcrAbV8aANUpk4,7/tmpkkasnc32.jpg
https://encrypted-tbn0.gstatic.com/images?q=tbn:ANd9GcT5smfXQRKsmNPIX7bXHRP-SjtRu1rI0jEgkiTkOxVm45l122jgwA,7/tmp2t18fede.jpg
https://encrypted-tbn0.gstatic.com/images?q=tbn:ANd9GcQXgxjbnL5W40Vmfmz-0Hj2wabq4WZV2N4QFoClo_gpEi5BjEbm2Q,7/tmpm19mwdav.jpg
https://encrypted-tbn0.gstatic.com/images?q=tbn:ANd9GcQusDD0-ALcPgUIytZOnSIJ1CCrd_27OTJezMnpNvghItKz9yLTmg,7/tmptpvwsfrw.jpg
https://encrypted-tbn0.gstatic.com/images?q=tbn:ANd9GcRNNCfIIYzNOrs5LPErQ-ILUd6LZASUypU25aCsXLJY3aipzUaO,7/tmpt85j7gyp.jpg
https://encrypted-tbn0.gstatic.com/images?q=tbn:ANd9GcTvYIqQG8DTpoQH0i7PSwwsUIJsX7Yhu63_KFxJHrCtPvgxdlbxVA,7/tmpvk8wjr6p.jpg
https://encrypted-tbn0.gstatic.com/images?q=tbn:ANd9GcQZLwwoTrx9kyQFne0HWGFwuVoxpY3aRjbUmk8VKwU0UO2NSJ8hwg,7/tmpua2syhd0.jpg
https://encrypted-tbn0.gstatic.com/images?q=tbn:ANd9GcTeL9Km0Lh5_Pcii9y3ca2BxnqLbczESKWqmVvElrjQklsQUDFkSA,7/tmpxd7djddk.jpg
https://encrypted-tbn0.gstatic.com/images?q=tbn:ANd9GcSwduZ-GMCJrtyOqfxIVRt5_6Osin_mIK8bZ525H0BKlVf2Fe_lcg,7/tmpj7_d2eh9.jpg
https://encrypted-tbn0.gstatic.com/images?q=tbn:ANd9GcTEFH0UqejGOuNkQQPrPAf7CwduSuKCMCww2ZsiNMBVdV4g3vbr,7/tmph4bm603e.jpg
https://encrypted-tbn0.gstatic.com/images?q=tbn:ANd9GcTno9jebP9sOX-3ck1FnDYZhOZXmdoAVqyji5QER_bZGMrZlS3g,7/tmpbtoj532y.jpg
https://encrypted-tbn0.gstatic.com/images?q=tbn:ANd9GcTwue2sq8jVGMavO1iv6lCNG26NLLYFI_UidV3FWcLzfgc7XS4ogQ,7/tmp2f483dsm.jpg
https://encrypted-tbn0.gstatic.com/images?q=tbn:ANd9GcTiuegAchRV5QeFayvweXwXh7iPUtneXyWA4gx2GmQ0gpVd9mXSQA,7/tmp1gn8oyvl.jpg
https://encrypted-tbn0.gstatic.com/images?q=tbn:ANd9GcRfnBp7-lpR1H6P5oqj0KSeDr4NbznCBTJmgTCeXXmN82KSI7XFzw,7/tmp1zfa00h8.jpg
