image_url,image_filename
https://encrypted-tbn0.gstatic.com/images?q=tbn:ANd9GcSVLpesTv71X2PIhJCtC56OTYt87Nb3nGNIp-vJ-uO2kvSZzp7Hnw,5/tmpdsm88xdt.jpg
https://encrypted-tbn0.gstatic.com/images?q=tbn:ANd9GcR6oDBLSJNqNMM97XzQV0Ks1WJeR87R3CItdXbuaRQaxyLlLgS1,5/tmpj2svpedw.jpg
https://encrypted-tbn0.gstatic.com/images?q=tbn:ANd9GcT5-KzBeGGmf3ohSjcpu2GzcGYqIaUkVu8SWeM3DoB5tV0A9qF6,5/tmpx1gdnket.jpg
https://encrypted-tbn0.gstatic.com/images?q=tbn:ANd9GcT-J6ilOPS1RDYF0e0jjzV-AIrNyRuj0jAYhcVDLDdUghkh99G8,5/tmp810t0zn0.jpg
https://encrypted-tbn0.gstatic.com/images?q=tbn:ANd9GcSENTqwBEtS28zJHGVTnTyGt5jwqU4p40CRF50F9v_Ioa41jet3SQ,5/tmp_96x64x0.jpg
https://encrypted-tbn0.gstatic.com/images?q=tbn:ANd9GcR7viaECKmBVE2kyFSk62qNNt32nPXkwAAdaK27hH7LOgaiBR8D,5/tmpccwv0b9y.jpg
https://encrypted-tbn0.gstatic.com/images?q=tbn:ANd9GcS8N_jHNE58pfOgwjHFqHEPfj2J2_E-T6wKc5BLm9_lVrcdHzUC,5/tmpzq07t3hh.jpg
https://encrypted-tbn0.gstatic.com/images?q=tbn:ANd9GcQ6uIvvqFluP4E1uchP2eu743AG9iZTYFNHFLEKGuChVVay9df--A,5/tmp0tyr9vr8.jpg
https://encrypted-tbn0.gstatic.com/images?q=tbn:ANd9GcTv_43aZ8lD6dfdevEhWBvaws-zObFCfkx9NB3k6RqftztOfC55NA,5/tmp5b9tfdwf.jpg
https://encrypted-tbn0.gstatic.com/images?q=tbn:ANd9GcSl2cXyENVIUkT-pRhHvZvYXocPT3bQaZtL8l983VHOv8h-yNUTFw,5/tmpkc_0jhro.jpg
https://encrypted-tbn0.gstatic.com/images?q=tbn:ANd9GcT7sHp5vLQAHACSi1nlT04jIbQLRNDktOuS0TRV_I6nCXUkTdUf,5/tmpd38y2hre.jpg
https://encrypted-tbn0.gstatic.com/images?q=tbn:ANd9GcS5wBHVfDMgKmMlNjwTm43VbE3nZaqpU3Va96OIv_puvEUIGrTJdQ,5/tmp73ewnqyj.jpg
https://encrypted-tbn0.gstatic.com/images?q=tbn:ANd9GcR1g1PiweKyNsxQ-iA-4whMIxZ_sseEA9BOP6r7j9lIuyI0sqAZ,5/tmppe6u9k41.jpg
https://encrypted-tbn0.gstatic.com/images?q=tbn:ANd9GcTw0_t_t-7y0KaS1oIMPbyT49CrTXN3utgTtubGdrJ3fqFDHh5_,5/tmpjahl6e4y.jpg
https://encrypted-tbn0.gstatic.com/images?q=tbn:ANd9GcTpKnIm-LM3ioZSIM-xe5oMEK0hdyLbos6m4emfHEMFRNypVfgk9Q,5/tmpjpn9b7x0.jpg
https://encrypted-tbn0.gstatic.com/images?q=tbn:ANd9GcRtHdrXdj6F4hW-T69jC1cKtgBbNAx3gHwDPcZCtKAIiYMxXOu5Jg,5/tmpj3lnx342.jpg
https://encrypted-tbn0.gstatic.com/images?q=tbn:ANd9GcRjLraKsK2E6HSmHVvm47NFwxxGr4-jh_AvapyUfZqcjI_qOQuA,5/tmp5qxhfxdp.jpg
https://encrypted-tbn0.gstatic.com/images?q=tbn:ANd9GcSS5TjS7muJruvD_bSHWglzLb0eVbCtIu6QPd_4g9jcnT-7BYCPOQ,5/tmpfw_ns2i2.jpg
https://encrypted-tbn0.gstatic.com/images?q=tbn:ANd9GcTrEtSdfqb5cKs0rMNbRthxLt1mAn_h7kkwfoO5-7JIP3EDO0PO9w,5/tmphmmgjnra.jpg
https://encrypted-tbn0.gstatic.com/images?q=tbn:ANd9GcTmeEH0ZdqT3mARCgiODenFqVX-98p7mKcpoSsDo2hB0Wbp1bc9lQ,5/tmp08lre2c4.jpg
https://encrypted-tbn0.gstatic.com/images?q=tbn:ANd9GcR6RojhrZmJPFKqLyAdneKgeAha_kcAy94ypzDa5PepV7LAu-JUfA,5/tmpy8o4hzp6.jpg
https://encrypted-tbn0.gstatic.com/images?q=tbn:ANd9GcQA3GOkDfuivIHAr9tQkxggvD1AQbbggSGDRlguvZpLkPAJKnVt,5/tmp507dp5ac.jpg
https://encrypted-tbn0.gstatic.com/images?q=tbn:ANd9GcSbrScl3qRIGbdpcYMwir0pP2uqZIGue7NMSQl5iIguno-HRA34kw,5/tmpr3xa_l58.jpg
https://encrypted-tbn0.gstatic.com/images?q=tbn:ANd9GcSwzxN_lYJhIr1YS0HBCgIlzUVUC2xbFoMc0juo9m9KOanf9UEk,5/tmp0e66v86r.jpg
https://encrypted-tbn0.gstatic.com/images?q=tbn:ANd9GcSHPaqvWZMpDXrxFbJMCvw2huDJIzYuKOlsc52KmIXyQQXGRhM-,5/tmpt66no6uf.jpg
https://encrypted-tbn0.gstatic.com/images?q=tbn:ANd9GcSZdE5YP9N8rlIuWtkC4geD_Qrrqdegr9YVBqUxK9Hw8EgLxpwS,5/tmpr4cl1ww5.jpg
https://encrypted-tbn0.gstatic.com/images?q=tbn:ANd9GcTNlJZiR7_9vqmu_nwGS6hgQCzgVYNxGj7UPxPry1JWslrvPJ19,5/tmpr667km51.jpg
https://encrypted-tbn0.gstatic.com/images?q=tbn:ANd9GcSpAHbB5mrivwUVGYn3ua3RKtdA7hnwGqXeEovbul9rlwr9QHIDJw,5/tmp1uevtxhg.jpg
https://encrypted-tbn0.gstatic.com/images?q=tbn:ANd9GcTmFhgDkPXkv25n77U5pubgBgICRr495tDqrdT0Ab6CKpRQX6xqVA,5/tmpvofblg3m.jpg
https://encrypted-tbn0.gstatic.com/images?q=tbn:ANd9GcSjr7sEmzfGAjWUJ1PqTm3XXOzUnTSaPEJdhx9zjH8b57k5ohA99Q,5/tmp6608vovk.jpg
https://encrypted-tbn0.gstatic.com/images?q=tbn:ANd9GcQANpGGA7fD2aB3hb5JRILyk88XsEgimhJuSTPZSyqGbA5j5kJ-,5/tmpldz2b6xi.jpg
https://encrypted-tbn0.gstatic.com/images?q=tbn:ANd9GcRSI6nUxhZtWLBIE7V61MmPsrNV44VEOZWC5rLvlRlKMSPNuTze,5/tmp0_ew2h89.jpg
https://encrypted-tbn0.gstatic.com/images?q=tbn:ANd9GcRWWRrpZCTkHYmp6n8Xjj_p-KnIZZ0l0GHUyeUhaCK0_pT1Idey,5/tmp1bpx_t63.jpg
https://encrypted-tbn0.gstatic.com/images?q=tbn:ANd9GcS12IrYE0r6AqW44dMvSlWBwGQPZ698Zf7dzJbhUAAgXlWdnBYn,5/tmpees4vl3a.jpg
https://encrypted-tbn0.gstatic.com/images?q=tbn:ANd9GcTfuHxolfXJ8PaVXudwcVurE2CblSggIr-bBOjMu8fM7rRrdF-x2A,5/tmpucil7pd1.jpg
https://encrypted-tbn0.gstatic.com/images?q=tbn:ANd9GcR-BwiOwOcr-HgVT_1n2pNAbhd60ZofP8FxLM9gm7DZksGG2zLJ,5/tmpo5dd8tsf.jpg
https://encrypted-tbn0.gstatic.com/images?q=tbn:ANd9GcQbAoLHHbdWHjTJlpdziqAORVXRPWvnOX7EA-BJkSfP_0JaAQc6OQ,5/tmp5u4qt4eg.jpg
https://encrypted-tbn0.gstatic.com/images?q=tbn:ANd9GcQX9enG6OB_GC4ZDEru916R8RNjygiFKNLdbdJ8A0m-vVA8JbGZlg,5/tmpoexuuw6h.jpg
