image_url,image_filename
https://encrypted-tbn0.gstatic.com/images?q=tbn:ANd9GcR2p5p7kublACn9A_ystFnOy8GZ7iMOr2z3RPDpCvjnY99ha1GI,4/tmp2ad7twxm.jpg
https://encrypted-tbn0.gstatic.com/images?q=tbn:ANd9GcR7nHM6AUz2b6zxd1cTDG6v8PNpp8lMbQbq4CdH5AWGK8Zv2LO5Nw,4/tmpg8igns5i.jpg
https://encrypted-tbn0.gstatic.com/images?q=tbn:ANd9GcTIbUUZnUVY4ruC_brZFiv_XD2ieKTlU2IYNHOT5oSZcejdYpWcOA,4/tmpwfpbwnn3.jpg
https://encrypted-tbn0.gstatic.com/images?q=tbn:ANd9GcQjfCkj7-FP1gRaHtmCAjvWjqZ1oEMOi06xNHVku7Gwhqf1YIlH8Q,4/tmplicc9sog.jpg
https://encrypted-tbn0.gstatic.com/images?q=tbn:ANd9GcRJTl1wYpxbLd1h3Ma-e9JLDl1nUg_lhq4CvcE87YrAbUAIQp1p,4/tmpsypc7irb.jpg
https://encrypted-tbn0.gstatic.com/images?q=tbn:ANd9GcRKJ4vYZGlGmD_PNiV4lHQVL11czMCZR2eBWVSwp7VnANbOTpaOXQ,4/tmp9qxuybcr.jpg
https://encrypted-tbn0.gstatic.com/images?q=tbn:ANd9GcRYU0YAfoWJNhCKQlyhqd04Cxj1ouc2sPUUAB0nCXtiwMvXXabQVA,4/tmps576m803.jpg
https://encrypted-tbn0.gstatic.com/images?q=tbn:ANd9GcQMsU7Qq28SrtD-xG4NPG8oEyRMg4ASi6vIjMiHP9JITsjJ0m_H6Q,4/tmpje1r3cpz.jpg
https://encrypted-tbn0.gstatic.com/images?q=tbn:ANd9GcSx_Ghg1EencAWxhiyokqpJQkZKOorzMv32oUzwPGqZhbmmmIAV,4/tmpo4ohf759.jpg
https://encrypted-tbn0.gstatic.com/images?q=tbn:ANd9GcSvbl6MTnXTpDr7sZIHxwvhqas_q97kIJFNJHcM53K7oMdnnALL,4/tmpsnbdzs8z.jpg
https://encrypted-tbn0.gstatic.com/images?q=tbn:ANd9GcQP-5Iff0mXrhc921F3f91BTKEyqZGS_vF1eXZmBGrb7qTLbzCG9g,4/tmpggq96pcx.jpg
https://encrypted-tbn0.gstatic.com/images?q=tbn:ANd9GcS_-1ASixZxLexsZnX_uuQ8tDQKy1fMk73h5I-mxYhJ3zlbkcUY,4/tmpowikrlf4.jpg
https://encrypted-tbn0.gstatic.com/images?q=tbn:ANd9GcTMeYxc5GtPwgWes9yhcFl8-lgEKj2DboXQl7hWdSSEMeetZlgm,4/tmph7neyv6e.jpg
https://encrypted-tbn0.gstatic.com/images?q=tbn:ANd9GcQHxidJ7FXATtQ1amiqz5KNRrZjUmJ9y8vSl6jr2vrTHYIAP_SMYg,4/tmpbylu3qiy.jpg
https://encrypted-tbn0.gstatic.com/images?q=tbn:ANd9GcTjtvM8GEku5LP5ukNMJEc8tncSSOCYHglgvLvpVv3AxRyAWfzAXA,4/tmpcszs631g.jpg
https://encrypted-tbn0.gstatic.com/images?q=tbn:ANd9GcRjZZO-Jr3p9X42-0EzRkuS5_hKaGybg01mkWWd_nJGb_BH2e6V4A,4/tmptlztncak.jpg
https://encrypted-tbn0.gstatic.com/images?q=tbn:ANd9GcRfENJycKfCBW6Pa8d0f0Aigx2nyhIGcllslyKGpnKw9ZhDBrQ8Ig,4/tmp1do7q2no.jpg
https://encrypted-tbn0.gstatic.com/images?q=tbn:ANd9GcQkXAeFpO0pSbOr3YvCYCiVoT-qQBqblOnFRfyt_7uCxsd-daUj,4/tmple0vz5l1.jpg
https://encrypted-tbn0.gstatic.com/images?q=tbn:ANd9GcQP7lE0suTUIKey7t8Hp3VAwlwhO60JvFzJhwwZZENByyDyKOtNjQ,4/tmphqlcfwoc.jpg
https://encrypted-tbn0.gstatic.com/images?q=tbn:ANd9GcRtKwCQA9rOX1w37oBiGoLoSuR3mTh-hRF1Yud9VlBikzMOS9CZ,4/tmpdvrmoke8.jpg
https://encrypted-tbn0.gstatic.com/images?q=tbn:ANd9GcTwtTnuPmEyY5efHUW9xGsyK9qobT7MWMfUi8DdelkcyzHYc0AhQw,4/tmpq23kgs_p.jpg
https://encrypted-tbn0.gstatic.com/images?q=tbn:ANd9GcRuk7LqH9RD_ki8jJnNjxqtMGdE4WD9CviieJ7OuWqY8smZx8fc,4/tmpdyyzjy6f.jpg
https://encrypted-tbn0.gstatic.com/images?q=tbn:ANd9GcSBCIC1laIGy6ZHKAowkNi3OKMuSFKyF631pEyksz8hiREZMdudeg,4/tmp5m92h8v6.jpg
https://encrypted-tbn0.gstatic.com/images?q=tbn:ANd9GcRoQGtpsyWcSQ-QhMuhV_zwXf-6vVIl_j_L8EhZGJ46xxIdlHn6,4/tmp8srwsdmb.jpg
https://encrypted-tbn0.gstatic.com/images?q=tbn:ANd9GcQPyKVuYSBvF7U2013AQL2Z0bUKYDZmK_FJxWAMdWxCr-GThwf-,4/tmpa4ane3x4.jpg
https://encrypted-tbn0.gstatic.com/images?q=tbn:ANd9GcTjesvpwrQVx2ZzZA4SADxN6RtKlE2K96r9Ktpcg-KRkhQUkMyiXw,4/tmp40c96qfp.jpg
https://encrypted-tbn0.gstatic.com/images?q=tbn:ANd9GcQdebA4P6Ucicfv5cq76i0Ubsju-wRVIcX15e69M3npCHL4wPbLnA,4/tmp4doet_3j.jpg
https://encrypted-tbn0.gstatic.com/images?q=tbn:ANd9GcTk5rv1tJZu7W5IqGVq1L0Y5hYj060jC1JnaJtiJAISS-J0vDSB,4/tmpta69zhi8.jpg
https://encrypted-tbn0.gstatic.com/images?q=tbn:ANd9GcT4lomEUC_JZcjoWIzNquvaJ3pg4Ss3pa-N_Wgb70L19dCnPGqP0w,4/tmpnnqh124m.jpg
https://encrypted-tbn0.gstatic.com/images?q=tbn:ANd9GcSk1yOLOuFxTCuNMJSfFWTx44jcDx0iTRhVgbrMD0kI8JQR-v4l,4/tmpo0vr93vv.jpg
https://encrypted-tbn0.gstatic.com/images?q=tbn:ANd9GcRPYnskku1Nkcp6GYFCsGOfdbYKs2W0lR7ssgSylvVcHsU5USaFuQ,4/tmptibkjyid.jpg
https://encrypted-tbn0.gstatic.com/images?q=tbn:ANd9GcSPGy96Iyg-C9uPksvZVgmpqo5CHgv4lfjn4sFmBXqxgx1jb9BX,4/tmpvzk5zyg8.jpg
https://encrypted-tbn0.gstatic.com/images?q=tbn:ANd9GcTD7iHIDRNtk6gOcgUS5ZYYrJyxRl0YoDNjw70PxiiCfIl6XioPIA,4/tmpcv_dg20k.jpg
https://encrypted-tbn0.gstatic.com/images?q=tbn:ANd9GcTeDKWXQOq91VejloaEAMsclFk0BLoHh0haOscZDFQAMSaRCHr5sw,4/tmp0v4j26ai.jpg
https://encrypted-tbn0.gstatic.com/images?q=tbn:ANd9GcQNSV04ntrWFBASKZFP-MYqGMSH-BjO5gH3O6W6UAZb4BeMaBII,4/tmpcyqxa2rd.jpg
https://encrypted-tbn0.gstatic.com/images?q=tbn:ANd9GcQ8TwoOqeX908uyxw5TdtflKQW0rB6t9gSp2CbXmEXyD6mQCPQ-aQ,4/tmpc2gnbk_s.jpg
https://encrypted-tbn0.gstatic.com/images?q=tbn:ANd9GcTLDpHqQfiZae5mWwIgyRcfBbL1homS6J5Q0iAZTb3sXYk5et9osQ,4/tmplb035wxp.jpg
https://encrypted-tbn0.gstatic.com/images?q=tbn:ANd9GcSKJ8c4aZBrB6vlU1nXPan1AOB7SnXNMhd9mR7etEtWuytiQV7Y,4/tmp3cztehl0.jpg
