image_url,image_filename
https://encrypted-tbn0.gstatic.com/images?q=tbn:ANd9GcTRjkSFcffreTGr-e1mCqkXO19EENWq0A53AsvDXpmFpd86nb8F,2/tmpuqy8l5cy.jpg
https://encrypted-tbn0.gstatic.com/images?q=tbn:ANd9GcRWCDoI5UZAMLZ56h-XrFvBGzZvDrKktYcp8RArLaapMMfejnnVxw,2/tmpyhh2thzn.jpg
https://encrypted-tbn0.gstatic.com/images?q=tbn:ANd9GcQ7z9mAqRbaLVZsTujhPwMkFzjRObI0Cl6wuyYRaGGsmEOC6QhA,2/tmp09f9u2qd.jpg
https://encrypted-tbn0.gstatic.com/images?q=tbn:ANd9GcRy6x_bMsaR0d9Y06dJsxM20wSiECIahH1OAAjQuJXWf5ctJo9j,2/tmpd423qdbz.jpg
https://encrypted-tbn0.gstatic.com/images?q=tbn:ANd9GcRJ6hLkHZGWWN_svsFNym7VM-5NHsj7RsFn8hj11BKyxXBM5yRn,2/tmp33tf3ghn.jpg
https://encrypted-tbn0.gstatic.com/images?q=tbn:ANd9GcRxeeNEGV0c7bOZ5VX2FdrLmDCVonmEA20FEeGdRzwGA2iJ4-8o,2/tmphr4x09vy.jpg
https://encrypted-tbn0.gstatic.com/images?q=tbn:ANd9GcSex55Ozj98mEjzkZNguJklNEUrD0X5Dlzxwyu-Fo_CtrwrW2Q,2/tmp0qm8c66w.jpg
https://encrypted-tbn0.gstatic.com/images?q=tbn:ANd9GcTP99bWvayLidvAbwHn7pAktNDYyyPoWR5DCKbkl0kSBhdDIXFZLw,2/tmpighqx8qu.jpg
https://encrypted-tbn0.gstatic.com/images?q=tbn:ANd9GcRXm9ksdHeV2VfwIgohS3yTrj2tITAUG5okfvs7suuL4IZlzR8tgg,2/tmp79a_5f3y.jpg
https://encrypted-tbn0.gstatic.com/images?q=tbn:ANd9GcSpjZTsXmMXlPzorILf4nwq4ZaA50_CWcS_X7aTKuEkO8se3hDNAg,2/tmpsw916b58.jpg
https://encrypted-tbn0.gstatic.com/images?q=tbn:ANd9GcRjMIpgwyFRY-UOLKUq2q6_qGyCYE6QXoew2lgsUpm2UndBJUcB,2/tmprpn51sec.jpg
https://encrypted-tbn0.gstatic.com/images?q=tbn:ANd9GcSBSe-7YWN_Z7wgxRWe3Kvh0lMRsIAy_acEgsawi2OA_0WFfC6jgA,2/tmpvrwskj3n.jpg
https://encrypted-tbn0.gstatic.com/images?q=tbn:ANd9GcQfz0zmrf3zeKN8_HsX3oayOP0OyxYpWF-dRzPdo3NBGMvpuHU0,2/tmpk1s9xuk5.jpg
https://encrypted-tbn0.gstatic.com/images?q=tbn:ANd9GcSpkOpQ2qlMRQaPukU_Ed1c6ayr_tSJ3UKt8jArZ5udXbo7mCCl5Q,2/tmp67h_5o99.jpg
https://encrypted-tbn0.gstatic.com/images?q=tbn:ANd9GcSh5Jq5MYZE_06hPqrNW0F-_Zv1LJHjcgriyMNraIUEbEAoCBZC,2/tmplb6innnr.jpg
https://encrypted-tbn0.gstatic.com/images?q=tbn:ANd9GcRIZFZS1clg0BnzcmowfynUK8uwuqONcqqWBha5gU1Xayz3CUQdIQ,2/tmp8xf4s2c6.jpg
https://encrypted-tbn0.gstatic.com/images?q=tbn:ANd9GcSV6J1mbh_3gNSSBbq7huerYWaXf_fyeMjuWxVTSCQvzpCNGl5CIg,2/tmpreedluz6.jpg
https://encrypted-tbn0.gstatic.com/images?q=tbn:ANd9GcQsVehgOdrM6-j5CfsHiUkacIqTw-4dr_1AAIOX_5Yov9-DMv16yg,2/tmp90ddd70c.jpg
https://encrypted-tbn0.gstatic.com/images?q=tbn:ANd9GcQsFzD8iUPW2-uQZB58GI6PWDbia9OIoG5Hp-jBrvfEeqdWblO6,2/tmp045p6vty.jpg
https://encrypted-tbn0.gstatic.com/images?q=tbn:ANd9GcTN2Ztpgcu7BeiLWqvKuuP8iTV7uURxu0WU4o0pgT3-Qu3TMDUOxw,2/tmp3hoia3u9.jpg
https://encrypted-tbn0.gstatic.com/images?q=tbn:ANd9GcRldD4oq3YWwATKxd_f25ozeA0cDfmj-0VsywK40ukFRYJSeLld,2/tmpuwuff54n.jpg
https://encrypted-tbn0.gstatic.com/images?q=tbn:ANd9GcT9Qf1mY832JiIZOwfCaRhaoUqb_x7lRVX4xxQ78Srv3aO39V0T,2/tmpe9luzjoh.jpg
https://encrypted-tbn0.gstatic.com/images?q=tbn:ANd9GcR9_bLKThcWvPoU0FlNZ0Yw25i9lddymWnyG6irZwZ2ph2D8sNf1w,2/tmpm2_1j34b.jpg
https://encrypted-tbn0.gstatic.com/images?q=tbn:ANd9GcRz-_TRhsl4Xe2N9dQeZKK3TOn30aBVYgY3y6xkuyEbXPsW6RJr_Q,2/tmp5qr6bb4a.jpg
https://encrypted-tbn0.gstatic.com/images?q=tbn:ANd9GcRPZQ9EUiwePi9c1AUv2-93MoJDxfCWX6rubq6PtPe41SYYmrRH,2/tmpgxc9brzq.jpg
https://encrypted-tbn0.gstatic.com/images?q=tbn:ANd9GcTAOfL3kvMUNpNnwcE-wy6cDSy_qRtTuiewBi__tfQY2rJPIymY,2/tmpoo893wqq.jpg
https://encrypted-tbn0.gstatic.com/images?q=tbn:ANd9GcQcdj5KIc6mMv4N0g-LdRcBd4iJADZm04gXOsgCXue7sqhNmNfH,2/tmpd85fihds.jpg
https://encrypted-tbn0.gstatic.com/images?q=tbn:ANd9GcSOl9XzfEDu1kXwUhhByhUuzuEnjbhJRPDpCFXecmzoMKnvaQ5oWg,2/tmphl0xh9nb.jpg
https://encrypted-tbn0.gstatic.com/images?q=tbn:ANd9GcSSOaaNAmQcLVfBY1TsQip3yNaA1CZsGdxncWhAPi84my-mPFJr,2/tmp40qtmly6.jpg
https://encrypted-tbn0.gstatic.com/images?q=tbn:ANd9GcSOoBdpMlg_9iPQ5bts_btn3RYvIBwwQ93gMrzjfG9PO7EBG-s3,2/tmpx1rwuniu.jpg
https://encrypted-tbn0.gstatic.com/images?q=tbn:ANd9GcQkX1TMzg0Kl7dUbIUHRG1jn2wADDOgSZzLYLZfEvjO-UhCIDYzSg,2/tmpk5muf6ah.jpg
https://encrypted-tbn0.gstatic.com/images?q=tbn:ANd9GcR-aqpNg5WOJR53zdaxa7Jyg_KGE0R4xxvoOCZwb-ZzdUtkQULy1A,2/tmp_rqvcqhr.jpg
https://encrypted-tbn0.gstatic.com/images?q=tbn:ANd9GcRzp3T7XoGVpwgygrq-DXOpQEtjz73uLo1mjm_jZhzyVlpMnB7F,2/tmp33pf5icd.jpg
https://encrypted-tbn0.gstatic.com/images?q=tbn:ANd9GcQI3sNt11uejSMaS28ZPmsyfOLe-m0au8HRU5CWdz_CpGjMURet,2/tmp_avs2tvu.jpg
https://encrypted-tbn0.gstatic.com/images?q=tbn:ANd9GcRZYF_EloILL9tOABMdhWFPakxU0EIYCZ6bgjfSUJm7t9HBk2gt,2/tmp8dqongr9.jpg
https://encrypted-tbn0.gstatic.com/images?q=tbn:ANd9GcQm3hC3Maqg0NEBJzYly9s2tFP-4TiTtmDH9YKSNGh4Qw8ucU-H,2/tmp0a_rie02.jpg
https://encrypted-tbn0.gstatic.com/images?q=tbn:ANd9GcQwqKbC7QFwj6TEpsgAWxjUTPC9naBtRhnahp03-hIwiXnkIOM_Tw,2/tmprberkkg4.jpg
https://encrypted-tbn0.gstatic.com/images?q=tbn:ANd9GcQeauOEhsjTiWYw1G5_rY7yrQvJECDwiq9YL5Ogw4C5rrcmQviTzw,2/tmptes789w0.jpg
