image_url,image_filename
https://encrypted-tbn0.gstatic.com/images?q=tbn:ANd9GcQdPVCRdyi_JRE6RmDwzmQJlpYN0LtLQae3J4FwmtlrAxXkT0PH,6/tmpv_qfej3x.jpg
https://encrypted-tbn0.gstatic.com/images?q=tbn:ANd9GcSdYzwulqyxH667f3AHpstldCg_50S_hhxLXRCYBiTr8Ehz_OVe,6/tmpktkxr9qh.jpg
https://encrypted-tbn0.gstatic.com/images?q=tbn:ANd9GcR0sqIE9-1HyVG7yiEtZxvYhJ_gbhdP4zDOUDiU8ff1-fHMo3Qv,6/tmpi8uy3lsc.jpg
https://encrypted-tbn0.gstatic.com/images?q=tbn:ANd9GcSJyb3vB4jBjOpZ2iLQRDv0_dmCP2074YlKcsTJTvh9NxEIxmqohA,6/tmpwp6w6u_w.jpg
https://encrypted-tbn0.gstatic.com/images?q=tbn:ANd9GcTZyFfaZpB0RPZUPMXNz4DSs1yY5xPJ9pDGka_EgOxp963uBV4,6/tmp5yb9rukk.jpg
https://encrypted-tbn0.gstatic.com/images?q=tbn:ANd9GcTLXfRtPxX0qAbgPaimIU7rux0lNi7NR2C-tmmrhhtQGL2kg4py,6/tmp21ivtq5x.jpg
https://encrypted-tbn0.gstatic.com/images?q=tbn:ANd9GcRBIlG_WPLX0HeZQndNYSfaWQsZAdVcV8Gbw__vQiSHvXPa-5-9uw,6/tmpzphulack.jpg
https://encrypted-tbn0.gstatic.com/images?q=tbn:ANd9GcQZRHgZ7ntdZ-dOfqzg17VGAan7yvw4ItsKv9aigIb0ilmWbfDk,6/tmp_48gku6c.jpg
https://encrypted-tbn0.gstatic.com/images?q=tbn:ANd9GcSoYVLiV9YmgVy7pTGPnRr1eNVJKhLo3AEa1pdRz4AxafWUkJPJ,6/tmpmhixekox.jpg
https://encrypted-tbn0.gstatic.com/images?q=tbn:ANd9GcQMu-I7SfyXkWFTyk3uSvQu0BhaDdIj_STcU3xaVf5UYnNpyQ-VQg,6/tmp4o8zbllw.jpg
https://encrypted-tbn0.gstatic.com/images?q=tbn:ANd9GcRKPng_hTJg2WJRle4STYnVuof_RihzLdugEPSS629YjOvUvBEt,6/tmp2ce61qgb.jpg
https://encrypted-tbn0.gstatic.com/images?q=tbn:ANd9GcQxRnfdJlHII6-nzd77nVYO-sYOmMFAC4qqFqq9IxGkLLvIF79e,6/tmp4osef78x.jpg
https://encrypted-tbn0.gstatic.com/images?q=tbn:ANd9GcTthemSYDSI03UyfLZWQwxvvpwZEgcNAwLInKVEpIThTIKYAaY28w,6/tmplw2h9z5h.jpg
https://encrypted-tbn0.gstatic.com/images?q=tbn:ANd9GcQ03SgxT8yexflfQA-YleR_hzTEfAXyw00yUbqhIA1dPcI4Ck_5,6/tmpyb85_288.jpg
https://encrypted-tbn0.gstatic.com/images?q=tbn:ANd9GcTBiuJeyvKvGPuxY_uBzxPXU7IscNrAB1qtMlU1t1NgYtBWPbH6,6/tmpvlyngnl5.jpg
https://encrypted-tbn0.gstatic.com/images?q=tbn:ANd9GcStCZ8ck4TE9TWihUSIeBBIfWoEyBiC4citXAtZnSSdaCeJyNyNrQ,6/tmp3dcgi7l2.jpg
https://encrypted-tbn0.gstatic.com/images?q=tbn:ANd9GcTmbx-eJPDFixYIhU6POELexWCSuhDHplbjX2rolERM1kH67OFaMQ,6/tmpr20iwk6e.jpg
https://encrypted-tbn0.gstatic.com/images?q=tbn:ANd9GcStKGHhQtZzekvPSRF6MYAfDzGeNUiI73jzBVGKoOC98fKsgT6ZhA,6/tmphocx_s5k.jpg
https://encrypted-tbn0.gstatic.com/images?q=tbn:ANd9GcTWIReImKD7HkQur6J2FDwO7KWgf44d0agcvM2-NCAIdYQ8aPb7,6/tmp0muknmz1.jpg
https://encrypted-tbn0.gstatic.com/images?q=tbn:ANd9GcTbWGZwIz6TXQqBp_99SFdA_HMC7JzVc7DDK8bKT19WOkXq4wVGlQ,6/tmpxfrgczkj.jpg
https://encrypted-tbn0.gstatic.com/images?q=tbn:ANd9GcS5Z4l3T1cdN7u1YEaVzAxYhgC99uRZOXIFtE4L8VDsaz6IDrvWcA,6/tmp_a7avvov.jpg
https://encrypted-tbn0.gstatic.com/images?q=tbn:ANd9GcTfwNV-mHZuh8uJSKjml_777k2aFn-sWxCr-um_HHNglQW-twRZ,6/tmpprjjz6cc.jpg
https://encrypted-tbn0.gstatic.com/images?q=tbn:ANd9GcTaL-Zg9d53rFBL7xU_ZOEF--dlMAu6kepblAwoOeAZjHMo7BvQ,6/tmpj126zjeq.jpg
https://encrypted-tbn0.gstatic.com/images?q=tbn:ANd9GcQc5FLQpZ-RCOjvArElj3yVySPVeqs-7jtg9aqFa2QhA0KdB-VE,6/tmp4xzhuxt1.jpg
https://encrypted-tbn0.gstatic.com/images?q=tbn:ANd9GcQkLZNb-PZDDkrH-kaIGEjtPv2l0BUblFE6MCvbhOVPJZ83Z09PnA,6/tmpyrhg48a5.jpg
https://encrypted-tbn0.gstatic.com/images?q=tbn:ANd9GcS-Uz_oEeR4ISnYgQGAWqbS6ltw2nfTanFd1gIzct1hbMNf_1fL,6/tmp610vs0mf.jpg
https://encrypted-tbn0.gstatic.com/images?q=tbn:ANd9GcSUV2geXeSRo-GegiVeFFA6BC4Rnx2txY_po-jIhcj0eK12BgldeA,6/tmpx_lhn69k.jpg
https://encrypted-tbn0.gstatic.com/images?q=tbn:ANd9GcSgYyuD0zRMdLtSbBtAGZMSpon1bD-XbRIbIIXlvQxqFfattco6vg,6/tmpca3eshr4.jpg
https://encrypted-tbn0.gstatic.com/images?q=tbn:ANd9GcQx-O-rVe0QkzEflTURl1-BLJEMtjX6hQp-Hax-oU3cDyl_c07n,6/tmp6l0ywm4c.jpg
https://encrypted-tbn0.gstatic.com/images?q=tbn:ANd9GcSH1R3zs0zWvAv7-wfOLUfFMizYdcLt0VJzUsABvCoM5XMzwHx4,6/tmp2e8xdjgv.jpg
https://encrypted-tbn0.gstatic.com/images?q=tbn:ANd9GcQrtBhVUtpxGPLoFXE1EzTIgTTZTLfjtCDqJu4nk052Kj4CuhVE,6/tmpnwhma1ka.jpg
https://encrypted-tbn0.gstatic.com/images?q=tbn:ANd9GcTJ_jo0roOWf59vD8xrzhkOptqX9eqHx9Ypa5aNfTISR4_y2T2y,6/tmpd4h9of0s.jpg
https://encrypted-tbn0.gstatic.com/images?q=tbn:ANd9GcRBbVqsZ536ixZrc7_Z7uF8jujJxjVGf9tiM-t-mYAQYnyrgTxQJw,6/tmpq1kcdx4j.jpg
https://encrypted-tbn0.gstatic.com/images?q=tbn:ANd9GcSyon_yN-rcDXMsWd7Aq67sGQ-sB2tbAL7d_H3LeiQYRhyoCd7XXA,6/tmpm1vt_0kg.jpg
https://encrypted-tbn0.gstatic.com/images?q=tbn:ANd9GcQ2Rb1l_ueTg6cODSXbH07Jsgr3kum1owYVsjVWCx7FHo8fLwwx,6/tmpfoco7aqc.jpg
https://encrypted-tbn0.gstatic.com/images?q=tbn:ANd9GcS4ixLDWNmh-bgbRjK0eQV_ooxm4qtPgK_mkuAb34giSJ0iKK4-Ug,6/tmpbn_lmb8u.jpg
https://encrypted-tbn0.gstatic.com/images?q=tbn:ANd9GcS86xXEdQ3NMzhFr1TwHr-FDTAnLoDfPh46QNNQHpZpuyuB9I0k,6/tmpnxkw5pqq.jpg
https://encrypted-tbn0.gstatic.com/images?q=tbn:ANd9GcSoo3sVfJMfsNJwHsub9RNMTxMzxXQM-oC2pI8NCsljF17qf_bKsg,6/tmpt3s2dbzw.jpg
