image_url,image_filename
https://encrypted-tbn0.gstatic.com/images?q=tbn:ANd9GcTqtX1EbU3iMQtig5qu6l25VLCBuQd9ZteCaifGo2tSnVkK9FDwug,1/tmp5xulmp2g.jpg
https://encrypted-tbn0.gstatic.com/images?q=tbn:ANd9GcRGijttzDpiq-ew23VWB9BhN3l1wKiVSXkYcARI8bbIFdGviCRBcA,1/tmpmdwepxg4.jpg
https://encrypted-tbn0.gstatic.com/images?q=tbn:ANd9GcSSTgVJ73Llni9K2fGwij4isadoteU3IGKoKkKFkY8Nsygj7TzB,1/tmpmxqdqzzi.jpg
https://encrypted-tbn0.gstatic.com/images?q=tbn:ANd9GcTnrYcqSaAa5xb5wgN56XmS1qtSxOwRNB1iLlrzIee2lMU10hCzEg,1/tmps4vc_l51.jpg
https://encrypted-tbn0.gstatic.com/images?q=tbn:ANd9GcRymPPk5EvI6Bp6RMK-80ED9R-Q2WaDOKytbBmISWNUyPWzP2ef,1/tmprfp4bt78.jpg
https://encrypted-tbn0.gstatic.com/images?q=tbn:ANd9GcQpK_zfYfp7P1YBvFF6s6fg2-4JNeF2p-pExNSKRDKSVqPiV9O-,1/tmp5rb6ftyx.jpg
https://encrypted-tbn0.gstatic.com/images?q=tbn:ANd9GcSS5TjS7muJruvD_bSHWglzLb0eVbCtIu6QPd_4g9jcnT-7BYCPOQ,1/tmp_2d2s3ve.jpg
https://encrypted-tbn0.gstatic.com/images?q=tbn:ANd9GcSzihIskSdSjnBjzKU8MTQiZQyF3s5dOUauEDEZSkqcBko1ZheW,1/tmphg_bmis3.jpg
https://encrypted-tbn0.gstatic.com/images?q=tbn:ANd9GcTb7Lzsru2zCT_D6oyRhVcfTz8dBjRswfjCLqShFgwNu6q823CMOA,1/tmprlf1un9e.jpg
https://encrypted-tbn0.gstatic.com/images?q=tbn:ANd9GcQKeRAHb-S8aIIsRfns4lFSPhh_lSxfUpP4rhKQNxIh8yK7tmnslA,1/tmpuinevgkf.jpg
https://encrypted-tbn0.gstatic.com/images?q=tbn:ANd9GcQPjIY3hvam3DGbtwRuv8qyA5PJC4IdUHyz0ZX50IAXTJ7aLon2,1/tmp_5zoje82.jpg
https://encrypted-tbn0.gstatic.com/images?q=tbn:ANd9GcSWHDDOiPvvcLIritBjfvTKBTuBQCN2uEgyWMBGXPWi3bY1l0ANhA,1/tmprxq7lysh.jpg
https://encrypted-tbn0.gstatic.com/images?q=tbn:ANd9GcSG-zI0lNMXZfwXGu0SceVJjkZv7cxz7uSL_FCuWblqBgo041Bb,1/tmpzxpjdeds.jpg
https://encrypted-tbn0.gstatic.com/images?q=tbn:ANd9GcRme5yoC3aiy3eqCbOq6lQLEMvK8KvCr4Tyx8iz2So2r4FDdsvh,1/tmpgmtc3c4m.jpg
https://encrypted-tbn0.gstatic.com/images?q=tbn:ANd9GcTZyW9VtV4LvGsox2ZsDG1mLvQdA3jjDPr8lnkY-dPVy8QiLlHN,1/tmp9qrf2_hy.jpg
https://encrypted-tbn0.gstatic.com/images?q=tbn:ANd9GcShwUF0KvF_o9d0uiYMHFHJ2D8gBosdW3Iac0P8URykLA5gbvHN-A,1/tmpbk9a3wcs.jpg
https://encrypted-tbn0.gstatic.com/images?q=tbn:ANd9GcR5JYpwNrPYpmkSfU-DcJ6sAgnVgNyYkVP9AwSMJd3H48Uf-VvU,1/tmpphoveraj.jpg
https://encrypted-tbn0.gstatic.com/images?q=tbn:ANd9GcSYrYDe2mxbbrVPdCBFwvxnJoEISQRY2Mdp_1Uybth6y5Chhcku,1/tmpuz6i5n1q.jpg
https://encrypted-tbn0.gstatic.com/images?q=tbn:ANd9GcTkpcGqnviSV1ORs77VtIpKIfVRn7w6eqGR5rObDMZGOyYUbait,1/tmpgmuatees.jpg
https://encrypted-tbn0.gstatic.com/images?q=tbn:ANd9GcQ_eEZx35UsfwXxiaw6au0RiY-V5uvAXYgcEz67bqyloA7acabU,1/tmpjytfv5zn.jpg
https://encrypted-tbn0.gstatic.com/images?q=tbn:ANd9GcQBb1VQ0F7lYCIukHXiW485gE1NjM-ghDdz-wU9Q3nx3uZUDqViVg,1/tmpxxrzh8el.jpg
https://encrypted-tbn0.gstatic.com/images?q=tbn:ANd9GcQB69VN_KZxIJ97QAQdByjlJoJGxujEJK117s885mewGqYS754iOw,1/tmp6f16yu_j.jpg
https://encrypted-tbn0.gstatic.com/images?q=tbn:ANd9GcRRSfaFHTRQ1Moclicf6yl5QNbZs4Y1XSLVMRscDXccTtpDEeL1JQ,1/tmpbsieazh0.jpg
https://encrypted-tbn0.gstatic.com/images?q=tbn:ANd9GcTXEWcdxp5tQRVHFzwq8ptU_z2Vu_96sRwmHLsCWHnkTpUihH7N,1/tmp6867jmdq.jpg
https://encrypted-tbn0.gstatic.com/images?q=tbn:ANd9GcRrwz8lFxvMk8le_765s0fJ-QzekIdo1deSzlcuoGecez2wtC7W,1/tmpmw5k69yi.jpg
https://encrypted-tbn0.gstatic.com/images?q=tbn:ANd9GcREUtKWmGbQPubbKSWX-HtO4eP9tcWDolSbclhqmY4PDsvTlYtj,1/tmpqtcf_95_.jpg
https://encrypted-tbn0.gstatic.com/images?q=tbn:ANd9GcQOWU0vDARJ1HGc4e1jpS5RpRDPYRBOOw_YyGeckTTwceP5Y8bzSg,1/tmpzkvhtv9f.jpg
https://encrypted-tbn0.gstatic.com/images?q=tbn:ANd9GcRyeGw59YN2HOc333w7Mhh5GZTGEBXL8wgpCKSR9SrVIa1du62t,1/tmpfuzabws6.jpg
https://encrypted-tbn0.gstatic.com/images?q=tbn:ANd9GcQcll6jqaZJKG0mAZTZVsEjGVTsO-xK1H3GBH6c2fYb80fNtEx7,1/tmpv9bxqwxw.jpg
https://encrypted-tbn0.gstatic.com/images?q=tbn:ANd9GcTYX9ITsAnZI8n0-pUDhUPmy5hRPCmxLKHflvCzmL8kmCZHHPjr,1/tmpyobzsy10.jpg
https://encrypted-tbn0.gstatic.com/images?q=tbn:ANd9GcQMid8Ec69_DPjSMdjjN1p89qHl-_-P1UVim6caBQb5OQ2_gVwu,1/tmpeviragrj.jpg
https://encrypted-tbn0.gstatic.com/images?q=tbn:ANd9GcSX-swVQe5dUhESsYzblY_KlKyQ0ZFkq3rgjJqmFQsRd1-f1fjm,1/tmp0lvw5yds.jpg
https://encrypted-tbn0.gstatic.com/images?q=tbn:ANd9GcRUvR3ozZlnHm5MuYBDCO1X6N5o1DHR5XQgesxAKxcU0OJDi4T4GQ,1/tmpxd128q2r.jpg
https://encrypted-tbn0.gstatic.com/images?q=tbn:ANd9GcTgBXzCL8wW97vfqo72yksDfOg25qBaNbmetvLfdOgVfWg9k3zH,1/tmp5rkazcs1.jpg
https://encrypted-tbn0.gstatic.com/images?q=tbn:ANd9GcQ21RK2bbC13bE8Iru3th3pn7W9w5fQOOYO4b9TwKyd6-F7-z1L,1/tmphscu5yg6.jpg
https://encrypted-tbn0.gstatic.com/images?q=tbn:ANd9GcQ3SUma7VL6FcNA92EhEx-8oSE9wgaQRUzizCkfTQQstfb3bMDyMg,1/tmplo9fwwmc.jpg
https://encrypted-tbn0.gstatic.com/images?q=tbn:ANd9GcTk5VT3cQCD72eIea5FmakQv6Yd7vzRcyDvDgqSHi-fbALU5iNZhA,1/tmp431yokdp.jpg
https://encrypted-tbn0.gstatic.com/images?q=tbn:ANd9GcSTbL6v4Y_wiYxBlkja7Jic7b_C146M2agGgfMdvN6ki8T14ZwW,1/tmpzx_hhjja.jpg
