image_url,image_filename
https://encrypted-tbn0.gstatic.com/images?q=tbn:ANd9GcQ-mXFqVbxSqLDcHdmHLPLx_GUY_-tUc5Vwkgv_0_g2b05cu11l4w,0/tmpuu259h2n.jpg
https://encrypted-tbn0.gstatic.com/images?q=tbn:ANd9GcQBVe-KgjqQS7fP3YBvNz092uajeHHKAbFGb0pHbPy3hoRlWRDa0w,0/tmpf15tlg38.jpg
https://encrypted-tbn0.gstatic.com/images?q=tbn:ANd9GcR4w3kVJp_ZY7xuC5MFtwrCb1QyH5nyEB08THyf0tkn7okzKAm4mg,0/tmp5olfkeki.jpg
https://encrypted-tbn0.gstatic.com/images?q=tbn:ANd9GcShJLEAbPxshoNa5L_E-PBwUbgB98k4ql22ZBX5a3uDrhIduZ4tuQ,0/tmp3vo5p6tu.jpg
https://encrypted-tbn0.gstatic.com/images?q=tbn:ANd9GcTL6hck8BGFmvugRQaNuEGvkwO8vKybSclCnGDaZwQw8ibvrwM7,0/tmpzyl6qyeo.jpg
https://encrypted-tbn0.gstatic.com/images?q=tbn:ANd9GcQ1QnNwplk810BAkrGSB1BFqdBBlNhuCg4BArPDUFnlkNaBSV0s6g,0/tmpy23t5h4s.jpg
https://encrypted-tbn0.gstatic.com/images?q=tbn:ANd9GcSSK1sfnpfNxArOZVaNixyWTzP_XyUb-KWzGJrmPuKwCnTNklJg,0/tmpi3i2w87y.jpg
https://encrypted-tbn0.gstatic.com/images?q=tbn:ANd9GcQTCnAAm4PELl4C4EsGfUqvIYbI3kcJks5X_4yWAOrBL5v2fDQ5-A,0/tmpdk64aobm.jpg
https://encrypted-tbn0.gstatic.com/images?q=tbn:ANd9GcRoYRw5cz5A5GQ74_BhdFfSwVNKLIVypDj5tqHAerYp6nlooQmSag,0/tmpk7kw7zs8.jpg
https://encrypted-tbn0.gstatic.com/images?q=tbn:ANd9GcSINCGsVxg1cuBI_Hv0xEv7LSZVSffOcFa1TndcJUx4YNupgZbM,0/tmp3n0tqbiy.jpg
https://encrypted-tbn0.gstatic.com/images?q=tbn:ANd9GcQ7c-WMd0mnFhJITzj9C0FRsgE1RqJnivUHqaKFeDIEqdDqXQBpsQ,0/tmpfrgztkqr.jpg
https://encrypted-tbn0.gstatic.com/images?q=tbn:ANd9GcQZmyoKwaOmXzLSL9gG4-R8CbIdUST_OGOAqgsQ-LgqI76ApLyy,0/tmp2g56rdie.jpg
https://encrypted-tbn0.gstatic.com/images?q=tbn:ANd9GcTxcs1nrzDW4xAm_kAjniCxYISVG6HM-Aa23S0WeWdWqOZcVFgX,0/tmp7c7r6hy0.jpg
https://encrypted-tbn0.gstatic.com/images?q=tbn:ANd9GcQJs4zN0ur2qkn8UxDArCTRSvYR3Yqb97raf-ivTUqzaFKPO0bBog,0/tmpqdusaj2o.jpg
https://encrypted-tbn0.gstatic.com/images?q=tbn:ANd9GcSWjNCEbxYzudOZgPg32N_WrZykuqWcgDPw7De6sqW3kKvtSM4v,0/tmpn3nzm15x.jpg
https://encrypted-tbn0.gstatic.com/images?q=tbn:ANd9GcSFcBNbZ_Tvgr67Y7aFw53EUUzQJIwzmVRIwrnfkczo6RROdxBQ,0/tmpeavt06ni.jpg
https://encrypted-tbn0.gstatic.com/images?q=tbn:ANd9GcQp8JM-1jMC8fMbp50JFSxOS-26Q91ye161WYTSaaQSdg7ua3sb,0/tmpxi_66v3a.jpg
https://encrypted-tbn0.gstatic.com/images?q=tbn:ANd9GcRtIwCl_jzO59JgrLoqF7RHrWgmbp34jpFJpZEMAkFsvzZssb5-rg,0/tmpuy8tfbol.jpg
https://encrypted-tbn0.gstatic.com/images?q=tbn:ANd9GcRsPCaEpLjrPCmTIVjsGq0xtdUjJcQtbBbcYniHap6iXxOOWN4Nlg,0/tmpja0bbqhj.jpg
https://encrypted-tbn0.gstatic.com/images?q=tbn:ANd9GcSacbA6qtZGnfYU7RlHkUjqYf-dC1KguRjXx3TGxU0OM-3zlCRomg,0/tmpggwb3urj.jpg
https://encrypted-tbn0.gstatic.com/images?q=tbn:ANd9GcQzgs51h7LTnmGoQ87wn6AZH11TdIuAia1KQC9w1HPROf9B4-_UUg,0/tmpsy9e2ck_.jpg
https://encrypted-tbn0.gstatic.com/images?q=tbn:ANd9GcT7Ux0f2SSpthEgp-mExGTw14jU5zumQ8Yzd2sRYJN3TCpAxuxJ,0/tmp_mjgv6c8.jpg
https://encrypted-tbn0.gstatic.com/images?q=tbn:ANd9GcSdJZTxbDkv1BZBobd1IRV1NBuT5CoozbjiPkWHo3S-HUIxDXTImw,0/tmpu02f2v4j.jpg
https://encrypted-tbn0.gstatic.com/images?q=tbn:ANd9GcTvooo82oFcdhlEy6ydhJbhlQiXbXpe-06om6cE-HKwR0TfBXhkzA,0/tmpmpqqhyzl.jpg
https://encrypted-tbn0.gstatic.com/images?q=tbn:ANd9GcTFUMWrPzb6ElZR8apV2e9BnLCkiFZySLjf66RIqqgHT_jPMEEh,0/tmpji7_6a2n.jpg
https://encrypted-tbn0.gstatic.com/images?q=tbn:ANd9GcRw0VuPVVUF299gjyZzN7jKJsvVbVDw_NprsMBe5B-WF3vHMY2_2g,0/tmphsxq2med.jpg
https://encrypted-tbn0.gstatic.com/images?q=tbn:ANd9GcShTpe3HqG6DPRSW3MTuZQf2J4-i9gilt1uau8MTLbRNKCw14SWew,0/tmpk1r9beu5.jpg
https://encrypted-tbn0.gstatic.com/images?q=tbn:ANd9GcSpBO4KBZSeFnqkJR1Yqs1WckPVIR9obRn5pB2xVHlLnb6LIBaQ,0/tmpmb_ajc6o.jpg
https://encrypted-tbn0.gstatic.com/images?q=tbn:ANd9GcQ1nbZtj2B0nkDiJ2vpFcgpyY59JBuoMaFbH9W5OUAaDielFuZA,0/tmp5y9um9wv.jpg
https://encrypted-tbn0.gstatic.com/images?q=tbn:ANd9GcQWY5xvRquGGWB2Zv646N9uAdHkMeiSyOQYvLkrJPkaGnR2TOrwpg,0/tmpf8tf6lna.jpg
https://encrypted-tbn0.gstatic.com/images?q=tbn:ANd9GcQqSYGddHife_H1VSpWwexmFKxRumemH4bgOxgQECme-7MK_LK1,0/tmpluz__72i.jpg
https://encrypted-tbn0.gstatic.com/images?q=tbn:ANd9GcTBM9cCTnNgk-erR-30xHdkZXDdDjDENZ5xpbvZzzSUIEmkVO4ULw,0/tmpmre9bbc_.jpg
https://encrypted-tbn0.gstatic.com/images?q=tbn:ANd9GcTU0XD4TPymnXBrQcBgyxSk1ByeGEWxBMunnT0Ur2VdOLGf2cottA,0/tmp_vy5w__0.jpg
https://encrypted-tbn0.gstatic.com/images?q=tbn:ANd9GcTW1esp9by4ZCo5n96mpRsznYslASoW0AwRRCyxUcvkhRz-8wlo,0/tmp79tv7ufp.jpg
https://encrypted-tbn0.gstatic.com/images?q=tbn:ANd9GcRB5xzm73fqHcjiBirwpOIskp3vFNhgLTlKf9iCwZeScOrXsM3mog,0/tmp83wzaaip.jpg
https://encrypted-tbn0.gstatic.com/images?q=tbn:ANd9GcQKZt0yUX-E1gYYd3zoeJGMCmitV_j6IyRV_S4r3wBSBMfgp1kPaA,0/tmpdrx6swra.jpg
https://encrypted-tbn0.gstatic.com/images?q=tbn:ANd9GcQN_GVfXNywEAWqP3BqYRaeqerYGUn5pECnNFpK6k1KN18GMR2_,0/tmpampy0qu6.jpg
https://encrypted-tbn0.gstatic.com/images?q=tbn:ANd9GcQXqDj6ETWuexFPzU6VW22ifdhbDK81OumUxwe23Kezo6l5flIp_w,0/tmpo1vg6dkt.jpg
